https://cafe24img.poxo.com/mbaby/web/product/tiny/202407/5a6c35e0c397bfd40bcc2d358aa95561.webp,Nacre (bl),$52.80,/product/nacre-bl/39522/category/173/display/1/
https://cafe24img.poxo.com/mbaby/web/product/tiny/202407/5218840d1492ec9958dadf26aec32cd8.webp,Sonne (sk),$58.90,/product/sonne-sk/39521/category/173/display/1/
https://cafe24img.poxo.com/mbaby/web/product/tiny/202407/8a175b8d0df896878099fb3f16483e58.webp,Laftel (bl),$72.40,/product/laftel-bl/39519/category/173/display/1/
https://cafe24img.poxo.com/mbaby/web/product/tiny/202407/522fecfaf98c5c6e5caccaa7b1d21ea0.webp,Mother (knit),$76.70,/product/mother-knit/39520/category/173/display/1/
https://cafe24img.poxo.com/mbaby/web/product/tiny/202407/5e3a3eeb44ab0d2e1fbc4ad4f7e68b28.webp,[Dearest] Ricotta (knit) -Black,$71.20,/product/dearest-ricotta-knit-black/39517/category/173/display/1/
https://cafe24img.poxo.com/mbaby/web/product/tiny/202407/60fd6d99a7d4078110ecd66659d8d589.webp,Hadlee (pt),$34.40,/product/hadlee-pt/39514/category/173/display/1/
https://cafe24img.poxo.com/mbaby/web/product/tiny/202407/a5395b1558b696912cdbeab6cccb8c42.webp,[Dearest] Ricotta (knit) -Cream,$71.20,/product/dearest-ricotta-knit-cream/39516/category/173/display/1/
https://cafe24img.poxo.com/mbaby/web/product/tiny/202407/b764df3ae2e192c7a99cd24a90f7d293.webp,[Dearest] Peonia (sk),$71.20,/product/dearest-peonia-sk/39515/category/173/display/1/
https://cafe24img.poxo.com/mbaby/web/product/tiny/202407/2e41cbf3bf50599f9ca58b31bb87d410.webp,Right Now (t),$30.70,/product/right-now-t/39513/category/173/display/1/
https://cafe24img.poxo.com/mbaby/web/product/tiny/202407/5b0ba555c2674ef57c07fa2d26e03c18.webp,Istanbul (sk),$74.90,/product/istanbul-sk/39512/category/173/display/1/
https://cafe24img.poxo.com/mbaby/web/product/tiny/202407/4db6c01d6f9d19abd002ccd3985ba60c.webp,Sandvig (nb),$39.30,/product/sandvig-nb/39505/category/173/display/1/
https://cafe24img.poxo.com/mbaby/web/product/tiny/202407/1cfb2b68e493aa929bff1f60a73b236e.webp,[Dearest] Walkover (pt),$66.30,/product/dearest-walkover-pt/39511/category/173/display/1/
https://cafe24img.poxo.com/mbaby/web/product/tiny/202407/07a333d9ccf15a63a47852b414bf533a.webp,Gnocchi (jp),$154.60,/product/gnocchi-jp/39509/category/173/display/1/
https://cafe24img.poxo.com/mbaby/web/product/tiny/202407/25b31585e0c2d4687c8bfd3c708de4ca.webp,Missed (t),$31.90,/product/missed-t/39508/category/173/display/1/
https://cafe24img.poxo.com/mbaby/web/product/tiny/202407/5c49e2f88296a170c9e69261218812bf.webp,Rabina (sk),$82.20,/product/rabina-sk/39507/category/173/display/1/
https://cafe24img.poxo.com/mbaby/web/product/tiny/202407/711eb08048940f677a00cffac3ad00c0.webp,Basara (ops),$60.10,/product/basara-ops/39510/category/173/display/1/
https://cafe24img.poxo.com/mbaby/web/product/tiny/202407/3c279135be2ef80aff5983f00af67802.webp,Light Wind (jk),$70.00,/product/light-wind-jk/39488/category/173/display/1/
https://cafe24img.poxo.com/mbaby/web/product/tiny/202407/68653d1ad346176e9eeec0b90b55de01.webp,Intense (pt),$68.70,/product/intense-pt/39487/category/173/display/1/
https://cafe24img.poxo.com/mbaby/web/product/tiny/202407/c2fe91d6ea46d5b2c181f817a629649a.webp,Help (t) -4colors,$33.10,/product/help-t-4colors/39486/category/173/display/1/
https://cafe24img.poxo.com/mbaby/web/product/tiny/202407/d4c256f3a330c31153d2ac2787f47d4b.webp,Mateen (sk),$74.90,/product/mateen-sk/39485/category/173/display/1/
https://cafe24img.poxo.com/mbaby/web/product/tiny/202407/07d30dd532cb856582c28a2e92d14aa1.webp,Rhine (jp) -3colors,$51.60,/product/rhine-jp-3colors/39484/category/173/display/1/
https://cafe24img.poxo.com/mbaby/web/product/tiny/202407/6660fa471b8de787091946d08a20a806.webp,Neighbor (jp),$74.30,/product/neighbor-jp/39465/category/173/display/1/
https://cafe24img.poxo.com/mbaby/web/product/tiny/202407/138e20a50d83a4f2ec9728326a43e075.webp,Tenney (pt),$22.10,/product/tenney-pt/39464/category/173/display/1/
https://cafe24img.poxo.com/mbaby/web/product/tiny/202407/861170c9d0838e27260cba41e5966a3b.webp,Sudden (socks) -4colors,$14.70,/product/sudden-socks-4colors/39463/category/173/display/1/
https://cafe24img.poxo.com/mbaby/web/product/tiny/202407/1e370dda018516e19937b919afa56ef4.webp,[Dearest] Hiromi (bl) -Pale Mint,$66.30,/product/dearest-hiromi-bl-pale-mint/39468/category/173/display/1/
https://cafe24img.poxo.com/mbaby/web/product/tiny/202407/ee2348bb0b027ae3e9e8c1b5652ffd12.webp,[Dearest] Hiromi (bl) -Gray,$66.30,/product/dearest-hiromi-bl-gray/39467/category/173/display/1/
https://cafe24img.poxo.com/mbaby/web/product/tiny/202407/eac6e18e51da8f17a1b0ffb60fa37860.webp,Unveiling (sk),$39.30,/product/unveiling-sk/39466/category/173/display/1/
https://cafe24img.poxo.com/mbaby/web/product/tiny/202407/d655bbbc5c86e8ceaaba1c6aa0ec2ef9.webp,Magnifying (necklace),$9.80,/product/magnifying-necklace/39425/category/173/display/1/
https://cafe24img.poxo.com/mbaby/web/product/tiny/202407/363c1e739c01d4e8efd2ed19746feb14.webp,Operation (mtm),$60.10,/product/operation-mtm/39424/category/173/display/1/
https://cafe24img.poxo.com/mbaby/web/product/tiny/202407/04f5d990020af221015c825609ca92a6.webp,Capital (pt) -3colors,$41.70,/product/capital-pt-3colors/39423/category/173/display/1/
https://cafe24img.poxo.com/mbaby/web/product/tiny/202407/8a750d64358e4a2c363cfd792b208047.webp,Vermon (mtm),$70.00,/product/vermon-mtm/39422/category/173/display/1/
https://cafe24img.poxo.com/mbaby/web/product/tiny/202407/c2201dbbbc7117bfcebe8e905d09a9a3.webp,Cailee (sk),$55.20,/product/cailee-sk/39421/category/173/display/1/
https://cafe24img.poxo.com/mbaby/web/product/tiny/202407/6adb4f106402989aad9cc1c745d8781f.webp,Lazare (jk),$127.60,/product/lazare-jk/39428/category/173/display/1/
https://cafe24img.poxo.com/mbaby/web/product/tiny/202407/822cac259b148afa734dc23f40674485.webp,Lazare (vest),$99.40,/product/lazare-vest/39427/category/173/display/1/
https://cafe24img.poxo.com/mbaby/web/product/tiny/202407/b2eca7c74c4f7d56fcebddf962b29ae1.webp,Lazare (pt),$79.20,/product/lazare-pt/39426/category/173/display/1/
https://cafe24img.poxo.com/mbaby/web/product/tiny/202407/47c4708151ecc527526760391b909637.webp,Aude (bl),$34.40,/product/aude-bl/39412/category/173/display/1/
https://cafe24img.poxo.com/mbaby/web/product/tiny/202407/c5a950f18636648e8fa6c48cefa15dfc.webp,Ramune (top),$46.60,/product/ramune-top/39411/category/173/display/1/
https://cafe24img.poxo.com/mbaby/web/product/tiny/202407/5e22b74b68c290c68773e56e93260f95.webp,Tony (pt),$58.90,/product/tony-pt/39410/category/173/display/1/
https://cafe24img.poxo.com/mbaby/web/product/tiny/202407/61e70067e0504eb7416ddde364bc9050.webp,Souris (ops),$68.70,/product/souris-ops/39413/category/173/display/1/
