https://cafe24img.poxo.com/wonlog11/web/product/medium/202411/e2e492440d0d8640bb32b53fce5cdc45.webp,[WONT/누적판매량 49만장!] 윈터 핀턱 슬랙스,53.0,/product/wont누적판매량-49만장-윈터-핀턱-슬랙스/25884/category/58/display/1/
https://cafe24img.poxo.com/wonlog11/web/product/medium/202411/7e5504214490d81083eeeeb2d643abb7.webp,[WONT] 헤이드 기모 밴딩 팬츠,38.0,/product/wont-헤이드-기모-밴딩-팬츠/26028/category/58/display/1/
https://cafe24img.poxo.com/wonlog11/web/product/medium/202411/39e45c6d816e59ab55e6859b15651871.webp,[WONT/2온스본딩안감] 브링 퍼 자켓,140.0,/product/wont2온스본딩안감-브링-퍼-자켓/26029/category/58/display/1/
https://cafe24img.poxo.com/wonlog11/web/product/medium/202411/8b35e29e656438d72107404381256190.webp,프레이 새틴 블라우스,66.0,/product/프레이-새틴-블라우스/26018/category/58/display/1/
https://cafe24img.poxo.com/wonlog11/web/product/medium/202411/cc3146d6fb022df626fee9c2e708eec3.webp,리벨 버뮤다 팬츠,39.0,/product/리벨-버뮤다-팬츠/26017/category/58/display/1/
https://cafe24img.poxo.com/wonlog11/web/product/medium/202411/c3e902f5ffeaddc356507a674433b9e5.webp,프릴 앙고라 가디건,41.0,/product/프릴-앙고라-가디건/26019/category/58/display/1/
https://cafe24img.poxo.com/wonlog11/web/product/medium/202411/7a5449489cfbee73b971cb64291a0329.webp,헤튼 셔링 슬리브,28.0,/product/헤튼-셔링-슬리브/26020/category/58/display/1/
https://cafe24img.poxo.com/wonlog11/web/product/medium/202411/fab860d05c81b7ef8b80e526559b1986.webp,레이지 퍼 가디건,79.0,/product/레이지-퍼-가디건/26021/category/58/display/1/
https://cafe24img.poxo.com/wonlog11/web/product/medium/202411/c91dee2c5bd15eb58139635baa74042c.webp,토니 기모 티,19.0,/product/토니-기모-티/26022/category/58/display/1/
https://cafe24img.poxo.com/wonlog11/web/product/medium/202411/46aece9563726a4e91c5f529b65a7433.webp,란다 덕다운 패딩,117.0,/product/란다-덕다운-패딩/26030/category/58/display/1/
https://cafe24img.poxo.com/wonlog11/web/product/medium/202411/88a39947341be914d96ac47ac53307f2.webp,포드 라쿤 가디건,56.0,/product/포드-라쿤-가디건/26023/category/58/display/1/
https://cafe24img.poxo.com/wonlog11/web/product/medium/202411/a0ee889aedcb4b75eccee0249032afe5.webp,도이 슬릿 치마바지,28.0,/product/도이-슬릿-치마바지/26024/category/58/display/1/
https://cafe24img.poxo.com/wonlog11/web/product/medium/202411/2054ef16f71d11810f51e49407cb6276.webp,로저 벨벳 스크런치,16.0,/product/로저-벨벳-스크런치/26025/category/58/display/1/
https://cafe24img.poxo.com/wonlog11/web/product/medium/202411/8141c906b54f79258a5d60b2063b88fe.webp,세이브 기모 팬츠,69.0,/product/세이브-기모-팬츠/26026/category/58/display/1/
https://cafe24img.poxo.com/wonlog11/web/product/medium/202411/b0dbcc67042418e729d6c8a9d25d3d3e.webp,[기획특가] 라프 웰론 패딩,59.0,/product/기획특가-라프-웰론-패딩/26012/category/58/display/1/
https://cafe24img.poxo.com/wonlog11/web/product/medium/202411/d51b9713c2f937432b6cc43d5c9948f8.webp,[WONT] 파우더 융 조거 팬츠,41.0,/product/wont-파우더-융-조거-팬츠/26013/category/58/display/1/
https://cafe24img.poxo.com/wonlog11/web/product/medium/202312/9f647b7185824084a0f587677acf6558.webp,마론 후리스 점퍼,59.0,/product/마론-후리스-점퍼/23077/category/58/display/1/
https://cafe24img.poxo.com/wonlog11/web/product/medium/202411/ba051024fcd0920066f1ca7f2b784a96.webp,뉴런 귀돌이 비니,19.0,/product/뉴런-귀돌이-비니/26011/category/58/display/1/
https://cafe24img.poxo.com/wonlog11/web/product/medium/202411/e855218ed74918e6a16f0f7f80cb6739.webp,플랩 앙고라 글러브,13.0,/product/플랩-앙고라-글러브/26009/category/58/display/1/
https://cafe24img.poxo.com/wonlog11/web/product/medium/202211/210cb53e736ba8446483b4e366192e39.webp,우디 울 레그워머,17.0,/product/우디-울-레그워머/19297/category/58/display/1/
https://cafe24img.poxo.com/wonlog11/web/product/medium/202411/1308c7b924515f315585fa3e8c2a549f.webp,덤블 후드 무스탕,140.0,/product/덤블-후드-무스탕/26008/category/58/display/1/
https://cafe24img.poxo.com/wonlog11/web/product/medium/202411/26ef7eebe0a7315e48d00c2bda17ae3b.webp,에스티 브이넥 니트,42.0,/product/에스티-브이넥-니트/26007/category/58/display/1/
https://cafe24img.poxo.com/wonlog11/web/product/medium/202411/e13bf2aa9c3a5955dc373a06e8e47530.webp,벤더 니트 팬츠,30.0,/product/벤더-니트-팬츠/26006/category/58/display/1/
https://cafe24img.poxo.com/wonlog11/web/product/medium/202411/1fb7e33c1b80a1817ff22050c01c2d5b.webp,로이프 스트라이프 비니,26.0,/product/로이프-스트라이프-비니/26005/category/58/display/1/
https://cafe24img.poxo.com/wonlog11/web/product/medium/202411/bc09eaa0a4fa70cfb001cbe4e3666fea.webp,레터 울 머플러,36.0,/product/레터-울-머플러/26010/category/58/display/1/
https://cafe24img.poxo.com/wonlog11/web/product/medium/202411/6591b2b40bd29a5021bfcc5aaf2f3b43.webp,보나 니트 귀돌이,16.0,/product/보나-니트-귀돌이/26014/category/58/display/1/
https://cafe24img.poxo.com/wonlog11/web/product/medium/202411/e53707ac8ea0aa1682e886b88113c249.webp,[WONT] 오스 덕다운 패딩,148.0,/product/wont-오스-덕다운-패딩/25932/category/58/display/1/
https://cafe24img.poxo.com/wonlog11/web/product/medium/202411/4d44b00ac2e32297ef34cf3ef94a92c0.webp,[premium] [WONT] 스노우 코위찬 집업,148.0,/product/premium-wont-스노우-코위찬-집업/25847/category/58/display/1/
https://cafe24img.poxo.com/wonlog11/web/product/medium/202411/3895dc462e66df4ac313730c8e63c914.webp,로그 리버시블 무스탕,269.0,/product/로그-리버시블-무스탕/23244/category/58/display/1/
https://cafe24img.poxo.com/wonlog11/web/product/medium/202411/1b8271db4705c76a4ae4b18e81d8439f.webp,[WONT] 제리 플리스 점퍼,77.0,/product/wont-제리-플리스-점퍼/25954/category/58/display/1/
https://cafe24img.poxo.com/wonlog11/web/product/medium/202411/ed9ed265cde06b84c7281fce423d35e1.webp,[premium] [WONT] 로빈 핸드메이드 코트,222.0,/product/premium-wont-로빈-핸드메이드-코트/25867/category/58/display/1/
https://cafe24img.poxo.com/wonlog11/web/product/medium/202411/4c084f20e26ab7b70f64c9a60280d680.webp,[WONT/누적판매량 5천장!] 플리스 투웨이 팬츠,36.0,/product/wont누적판매량-5천장-플리스-투웨이-팬츠/25788/category/58/display/1/
https://cafe24img.poxo.com/wonlog11/web/product/medium/202411/a67874073b4b608d5175df8696884618.webp,[WONT/누적판매량 3만장!] 부츠컷 융 슬랙스,51.0,/product/wont누적판매량-3만장-부츠컷-융-슬랙스/25870/category/58/display/1/
https://cafe24img.poxo.com/wonlog11/web/product/medium/202311/b43ab8f87247515aadb830ca73b793dd.webp,[Hand Made] 헤즈 울 코트,320.0,/product/hand-made-헤즈-울-코트/22853/category/58/display/1/
https://cafe24img.poxo.com/wonlog11/web/product/medium/202311/fda97acd7e5d0f60617647b8d571caf9.webp,[WONT] 러드 코듀로이 슬랙스,49.0,/product/wont-러드-코듀로이-슬랙스/26001/category/58/display/1/
https://cafe24img.poxo.com/wonlog11/web/product/medium/202410/c3a28c0530b06f9d41dc08ca65636905.jpg,[premium] [WONT] 누보 램스킨 레더 자켓,420.0,/product/premium-wont-누보-램스킨-레더-자켓/25768/category/58/display/1/
https://cafe24img.poxo.com/wonlog11/web/product/medium/202411/4731d97b3d28b8a0a5ade5fe5c7360c1.webp,[WONT/3온스누빔안감] 페넌 울 자켓,119.0,/product/wont3온스누빔안감-페넌-울-자켓/25902/category/58/display/1/
https://cafe24img.poxo.com/wonlog11/web/product/medium/202312/9f05273750aaf40402c79cacf39ec19c.webp,[WONT] 브리엔 울 코트,270.0,/product/wont-브리엔-울-코트/25846/category/58/display/1/
https://cafe24img.poxo.com/wonlog11/web/product/medium/202311/cd1d66ab2eafa9ff34521dcf60e19822.webp,[WONT/누적판매량 1천장!] 에런 울 자켓,139.0,/product/wont누적판매량-1천장-에런-울-자켓/25994/category/58/display/1/
https://cafe24img.poxo.com/wonlog11/web/product/medium/202311/8ffce03f7ad61159c5ca2c1d8d928c5e.webp,[WONT/누적판매량 1천장!] 에런 울 치마바지,69.0,/product/wont누적판매량-1천장-에런-울-치마바지/25993/category/58/display/1/
